"","AFG","AGO","ALB","ARE","ARG","AUS","BDI","BEN","BFA","BGD","BGR","BOL","BRA","CAF","CAN","CHE","CHL","CHN","CMR","COD","COG","COL","CRI","CUB","CZE","DEU","DNK","DZA","ECU","EGY","ESP","ETH","FIN","GAB","GBR","GHA","GIN","GMB","GNB","GNQ","GRC","GTM","HND","HUN","IDN","IND","IRL","IRN","IRQ","ISR","ITA","JPN","KEN","KHM","KOR","LAO","LBN","LBR","LKA","MAR","MDG","MEX","MLI","MMR","MNG","MOZ","MRT","MWI","MYS","NER","NGA","NIC","NLD","NOR","NPL","NZL","OMN","PAK","PAN","PER","PHL","POL","PRT","PRY","ROU","RUS","RWA","SAU","SDN","SEN","SLE","SLV","SOM","SWE","SYR","TCD","TGO","THA","TUN","TUR","TZA","UGA","USA","VEN","VNM","ZAF","ZMB","ZWE"
"AFG",NA,NA,NA,NA,NA,NA,NA,NA,NA,NA,NA,NA,NA,NA,NA,NA,NA,NA,NA,NA,NA,NA,NA,NA,NA,NA,NA,NA,NA,NA,NA,NA,NA,NA,NA,NA,NA,NA,NA,NA,NA,NA,NA,NA,NA,NA,NA,NA,NA,NA,NA,NA,NA,NA,NA,NA,NA,NA,NA,NA,NA,NA,NA,NA,NA,NA,NA,NA,NA,NA,NA,NA,NA,NA,NA,NA,NA,NA,NA,NA,NA,NA,NA,NA,NA,NA,NA,NA,NA,NA,NA,NA,NA,NA,NA,NA,NA,NA,NA,NA,NA,NA,NA,NA,NA,NA,NA,NA
"AGO",NA,NA,NA,NA,NA,NA,NA,NA,NA,NA,NA,NA,NA,NA,NA,NA,NA,NA,NA,NA,NA,NA,NA,NA,NA,NA,NA,NA,NA,NA,NA,NA,NA,NA,NA,NA,NA,NA,NA,NA,NA,NA,NA,NA,NA,NA,NA,NA,NA,NA,NA,NA,NA,NA,NA,NA,NA,NA,NA,NA,NA,NA,NA,NA,NA,NA,NA,NA,NA,NA,NA,NA,NA,NA,NA,NA,NA,NA,NA,NA,NA,NA,NA,NA,NA,NA,NA,NA,NA,NA,NA,NA,NA,NA,NA,NA,NA,NA,NA,NA,NA,NA,NA,NA,NA,NA,NA,NA
"ALB",NA,NA,NA,NA,NA,NA,NA,NA,NA,NA,NA,NA,NA,NA,NA,NA,NA,NA,NA,NA,NA,NA,NA,NA,NA,NA,NA,NA,NA,NA,NA,NA,NA,NA,NA,NA,NA,NA,NA,NA,NA,NA,NA,NA,NA,NA,NA,NA,NA,NA,NA,NA,NA,NA,NA,NA,NA,NA,NA,NA,NA,NA,NA,NA,NA,NA,NA,NA,NA,NA,NA,NA,NA,NA,NA,NA,NA,NA,NA,NA,NA,NA,NA,NA,NA,NA,NA,NA,NA,NA,NA,NA,NA,NA,NA,NA,NA,NA,NA,NA,NA,NA,NA,NA,NA,NA,NA,NA
"ARE",NA,NA,NA,NA,NA,NA,NA,NA,NA,NA,NA,NA,NA,NA,NA,NA,NA,NA,NA,NA,NA,NA,NA,NA,NA,NA,NA,NA,NA,NA,NA,NA,NA,NA,NA,NA,NA,NA,NA,NA,NA,NA,NA,NA,NA,NA,NA,NA,NA,NA,NA,NA,NA,NA,NA,NA,NA,NA,NA,NA,NA,NA,NA,NA,NA,NA,NA,NA,NA,NA,NA,NA,NA,NA,NA,NA,NA,NA,NA,NA,NA,NA,NA,NA,NA,NA,NA,NA,NA,NA,NA,NA,NA,NA,NA,NA,NA,NA,NA,NA,NA,NA,NA,NA,NA,NA,NA,NA
"ARG",NA,25526,NA,95994,NA,NA,NA,NA,NA,NA,NA,NA,NA,NA,NA,NA,NA,NA,NA,NA,NA,NA,NA,NA,NA,NA,NA,NA,NA,NA,NA,NA,NA,NA,NA,NA,NA,NA,NA,NA,NA,NA,NA,NA,NA,NA,NA,NA,NA,NA,NA,NA,NA,NA,NA,NA,NA,NA,NA,NA,NA,NA,NA,NA,NA,NA,NA,NA,NA,NA,NA,NA,NA,NA,NA,NA,NA,NA,NA,NA,NA,NA,NA,NA,NA,NA,NA,NA,NA,NA,NA,NA,NA,NA,NA,NA,NA,NA,NA,NA,NA,NA,NA,NA,NA,NA,NA,NA
"AUS",NA,NA,441,930476,115820,NA,NA,NA,NA,NA,NA,NA,NA,NA,NA,NA,NA,NA,NA,NA,NA,NA,NA,NA,NA,NA,NA,NA,NA,NA,NA,NA,NA,NA,NA,NA,NA,NA,NA,NA,NA,NA,NA,NA,NA,NA,NA,NA,NA,NA,NA,NA,NA,NA,NA,NA,NA,NA,NA,NA,NA,NA,NA,NA,NA,NA,NA,NA,NA,NA,NA,NA,NA,NA,NA,NA,NA,NA,NA,NA,NA,NA,NA,NA,NA,NA,NA,NA,NA,NA,NA,NA,NA,NA,NA,NA,NA,NA,NA,NA,NA,NA,NA,NA,NA,NA,NA,NA
"BDI",NA,NA,NA,NA,NA,NA,NA,NA,NA,NA,NA,NA,NA,NA,NA,NA,NA,NA,NA,NA,NA,NA,NA,NA,NA,NA,NA,NA,NA,NA,NA,NA,NA,NA,NA,NA,NA,NA,NA,NA,NA,NA,NA,NA,NA,NA,NA,NA,NA,NA,NA,NA,NA,NA,NA,NA,NA,NA,NA,NA,NA,NA,NA,NA,NA,NA,NA,NA,NA,NA,NA,NA,NA,NA,NA,NA,NA,NA,NA,NA,NA,NA,NA,NA,NA,NA,NA,NA,NA,NA,NA,NA,NA,NA,NA,NA,NA,NA,NA,NA,NA,NA,NA,NA,NA,NA,NA,NA
"BEN",NA,NA,NA,NA,NA,NA,NA,NA,NA,NA,NA,NA,NA,NA,NA,NA,NA,NA,NA,NA,NA,NA,NA,NA,NA,NA,NA,NA,NA,NA,NA,NA,NA,NA,NA,NA,NA,NA,NA,NA,NA,NA,NA,NA,NA,NA,NA,NA,NA,NA,NA,NA,NA,NA,NA,NA,NA,NA,NA,NA,NA,NA,NA,NA,NA,NA,NA,NA,NA,NA,NA,NA,NA,NA,NA,NA,NA,NA,NA,NA,NA,NA,NA,NA,NA,NA,NA,NA,NA,NA,NA,NA,NA,NA,NA,NA,NA,NA,NA,NA,NA,NA,NA,NA,NA,NA,NA,NA
"BFA",NA,NA,NA,NA,NA,NA,NA,NA,NA,NA,NA,NA,NA,NA,NA,NA,NA,NA,NA,NA,NA,NA,NA,NA,NA,NA,NA,NA,NA,NA,NA,NA,NA,NA,NA,NA,NA,NA,NA,NA,NA,NA,NA,NA,NA,NA,NA,NA,NA,NA,NA,NA,NA,NA,NA,NA,NA,NA,NA,NA,NA,NA,NA,NA,NA,NA,NA,NA,NA,NA,NA,NA,NA,NA,NA,NA,NA,NA,NA,NA,NA,NA,NA,NA,NA,NA,NA,NA,NA,NA,NA,NA,NA,NA,NA,NA,NA,NA,NA,NA,NA,NA,NA,NA,NA,NA,NA,NA
"BGD",NA,NA,NA,NA,134628,186995,NA,NA,NA,NA,NA,NA,NA,NA,NA,NA,NA,NA,NA,NA,NA,NA,NA,NA,NA,NA,NA,NA,NA,NA,NA,NA,NA,NA,NA,NA,NA,NA,NA,NA,NA,NA,NA,NA,NA,NA,NA,NA,NA,NA,NA,NA,NA,NA,NA,NA,NA,NA,NA,NA,NA,NA,NA,NA,NA,NA,NA,NA,NA,NA,NA,NA,NA,NA,NA,NA,NA,NA,NA,NA,NA,NA,NA,NA,NA,NA,NA,NA,NA,NA,NA,NA,NA,NA,NA,NA,NA,NA,NA,NA,NA,NA,NA,NA,NA,NA,NA,NA
"BGR",NA,NA,NA,10385,10036,9060,NA,NA,NA,2878,NA,NA,NA,NA,NA,NA,NA,NA,NA,NA,NA,NA,NA,NA,NA,NA,NA,NA,NA,NA,NA,NA,NA,NA,NA,NA,NA,NA,NA,NA,NA,NA,NA,NA,NA,NA,NA,NA,NA,NA,NA,NA,NA,NA,NA,NA,NA,NA,NA,NA,NA,NA,NA,NA,NA,NA,NA,NA,NA,NA,NA,NA,NA,NA,NA,NA,NA,NA,NA,NA,NA,NA,NA,NA,NA,NA,NA,NA,NA,NA,NA,NA,NA,NA,NA,NA,NA,NA,NA,NA,NA,NA,NA,NA,NA,NA,NA,NA
"BOL",NA,NA,NA,NA,277560,1493,NA,NA,NA,NA,NA,NA,NA,NA,NA,NA,NA,NA,NA,NA,NA,NA,NA,NA,NA,NA,NA,NA,NA,NA,NA,NA,NA,NA,NA,NA,NA,NA,NA,NA,NA,NA,NA,NA,NA,NA,NA,NA,NA,NA,NA,NA,NA,NA,NA,NA,NA,NA,NA,NA,NA,NA,NA,NA,NA,NA,NA,NA,NA,NA,NA,NA,NA,NA,NA,NA,NA,NA,NA,NA,NA,NA,NA,NA,NA,NA,NA,NA,NA,NA,NA,NA,NA,NA,NA,NA,NA,NA,NA,NA,NA,NA,NA,NA,NA,NA,NA,NA
"BRA",NA,134255,459,293400,13369476,738033,NA,33893,2155,63303,71271,534577,NA,NA,NA,NA,NA,NA,NA,NA,NA,NA,NA,NA,NA,NA,NA,NA,NA,NA,NA,NA,NA,NA,NA,NA,NA,NA,NA,NA,NA,NA,NA,NA,NA,NA,NA,NA,NA,NA,NA,NA,NA,NA,NA,NA,NA,NA,NA,NA,NA,NA,NA,NA,NA,NA,NA,NA,NA,NA,NA,NA,NA,NA,NA,NA,NA,NA,NA,NA,NA,NA,NA,NA,NA,NA,NA,NA,NA,NA,NA,NA,NA,NA,NA,NA,NA,NA,NA,NA,NA,NA,NA,NA,NA,NA,NA,NA
"CAF",NA,NA,NA,NA,NA,NA,NA,NA,NA,NA,NA,NA,NA,NA,NA,NA,NA,NA,NA,NA,NA,NA,NA,NA,NA,NA,NA,NA,NA,NA,NA,NA,NA,NA,NA,NA,NA,NA,NA,NA,NA,NA,NA,NA,NA,NA,NA,NA,NA,NA,NA,NA,NA,NA,NA,NA,NA,NA,NA,NA,NA,NA,NA,NA,NA,NA,NA,NA,NA,NA,NA,NA,NA,NA,NA,NA,NA,NA,NA,NA,NA,NA,NA,NA,NA,NA,NA,NA,NA,NA,NA,NA,NA,NA,NA,NA,NA,NA,NA,NA,NA,NA,NA,NA,NA,NA,NA,NA
"CAN",NA,32563,NA,242142,520061,2200678,NA,NA,NA,199645,53455,20608,2196382,NA,NA,NA,NA,NA,NA,NA,NA,NA,NA,NA,NA,NA,NA,NA,NA,NA,NA,NA,NA,NA,NA,NA,NA,NA,NA,NA,NA,NA,NA,NA,NA,NA,NA,NA,NA,NA,NA,NA,NA,NA,NA,NA,NA,NA,NA,NA,NA,NA,NA,NA,NA,NA,NA,NA,NA,NA,NA,NA,NA,NA,NA,NA,NA,NA,NA,NA,NA,NA,NA,NA,NA,NA,NA,NA,NA,NA,NA,NA,NA,NA,NA,NA,NA,NA,NA,NA,NA,NA,NA,NA,NA,NA,NA,NA
"CHE",1218,NA,4460,465543,260365,858754,NA,15424,NA,84152,105994,4844,1365468,NA,1289573,NA,NA,NA,NA,NA,NA,NA,NA,NA,NA,NA,NA,NA,NA,NA,NA,NA,NA,NA,NA,NA,NA,NA,NA,NA,NA,NA,NA,NA,NA,NA,NA,NA,NA,NA,NA,NA,NA,NA,NA,NA,NA,NA,NA,NA,NA,NA,NA,NA,NA,NA,NA,NA,NA,NA,NA,NA,NA,NA,NA,NA,NA,NA,NA,NA,NA,NA,NA,NA,NA,NA,NA,NA,NA,NA,NA,NA,NA,NA,NA,NA,NA,NA,NA,NA,NA,NA,NA,NA,NA,NA,NA,NA
"CHL",NA,95411,NA,36758,3426106,158987,NA,NA,NA,2540,NA,184224,2363441,NA,874576,165428,NA,NA,NA,NA,NA,NA,NA,NA,NA,NA,NA,NA,NA,NA,NA,NA,NA,NA,NA,NA,NA,NA,NA,NA,NA,NA,NA,NA,NA,NA,NA,NA,NA,NA,NA,NA,NA,NA,NA,NA,NA,NA,NA,NA,NA,NA,NA,NA,NA,NA,NA,NA,NA,NA,NA,NA,NA,NA,NA,NA,NA,NA,NA,NA,NA,NA,NA,NA,NA,NA,NA,NA,NA,NA,NA,NA,NA,NA,NA,NA,NA,NA,NA,NA,NA,NA,NA,NA,NA,NA,NA,NA
"CHN",23705,1873160,NA,2489466,1984055,10569602,3668,368318,NA,911628,78853,14488,2963365,NA,11418730,2833488,2282511,NA,NA,NA,NA,NA,NA,NA,NA,NA,NA,NA,NA,NA,NA,NA,NA,NA,NA,NA,NA,NA,NA,NA,NA,NA,NA,NA,NA,NA,NA,NA,NA,NA,NA,NA,NA,NA,NA,NA,NA,NA,NA,NA,NA,NA,NA,NA,NA,NA,NA,NA,NA,NA,NA,NA,NA,NA,NA,NA,NA,NA,NA,NA,NA,NA,NA,NA,NA,NA,NA,NA,NA,NA,NA,NA,NA,NA,NA,NA,NA,NA,NA,NA,NA,NA,NA,NA,NA,NA,NA,NA
"CMR",NA,NA,NA,NA,NA,NA,NA,NA,NA,NA,NA,NA,NA,NA,52255,7220,NA,157019,NA,NA,NA,NA,NA,NA,NA,NA,NA,NA,NA,NA,NA,NA,NA,NA,NA,NA,NA,NA,NA,NA,NA,NA,NA,NA,NA,NA,NA,NA,NA,NA,NA,NA,NA,NA,NA,NA,NA,NA,NA,NA,NA,NA,NA,NA,NA,NA,NA,NA,NA,NA,NA,NA,NA,NA,NA,NA,NA,NA,NA,NA,NA,NA,NA,NA,NA,NA,NA,NA,NA,NA,NA,NA,NA,NA,NA,NA,NA,NA,NA,NA,NA,NA,NA,NA,NA,NA,NA,NA
"COD",NA,NA,NA,NA,NA,NA,NA,NA,NA,NA,NA,NA,370,NA,NA,9403,NA,16105,NA,NA,NA,NA,NA,NA,NA,NA,NA,NA,NA,NA,NA,NA,NA,NA,NA,NA,NA,NA,NA,NA,NA,NA,NA,NA,NA,NA,NA,NA,NA,NA,NA,NA,NA,NA,NA,NA,NA,NA,NA,NA,NA,NA,NA,NA,NA,NA,NA,NA,NA,NA,NA,NA,NA,NA,NA,NA,NA,NA,NA,NA,NA,NA,NA,NA,NA,NA,NA,NA,NA,NA,NA,NA,NA,NA,NA,NA,NA,NA,NA,NA,NA,NA,NA,NA,NA,NA,NA,NA
"COG",NA,NA,NA,NA,14658,NA,NA,NA,NA,NA,NA,NA,80757,NA,3373,2603,NA,338775,NA,NA,NA,NA,NA,NA,NA,NA,NA,NA,NA,NA,NA,NA,NA,NA,NA,NA,NA,NA,NA,NA,NA,NA,NA,NA,NA,NA,NA,NA,NA,NA,NA,NA,NA,NA,NA,NA,NA,NA,NA,NA,NA,NA,NA,NA,NA,NA,NA,NA,NA,NA,NA,NA,NA,NA,NA,NA,NA,NA,NA,NA,NA,NA,NA,NA,NA,NA,NA,NA,NA,NA,NA,NA,NA,NA,NA,NA,NA,NA,NA,NA,NA,NA,NA,NA,NA,NA,NA,NA
"COL",NA,NA,NA,NA,189319,26118,NA,NA,NA,NA,2507,239023,939141,NA,509484,207302,452777,380284,NA,NA,1881,NA,NA,NA,NA,NA,NA,NA,NA,NA,NA,NA,NA,NA,NA,NA,NA,NA,NA,NA,NA,NA,NA,NA,NA,NA,NA,NA,NA,NA,NA,NA,NA,NA,NA,NA,NA,NA,NA,NA,NA,NA,NA,NA,NA,NA,NA,NA,NA,NA,NA,NA,NA,NA,NA,NA,NA,NA,NA,NA,NA,NA,NA,NA,NA,NA,NA,NA,NA,NA,NA,NA,NA,NA,NA,NA,NA,NA,NA,NA,NA,NA,NA,NA,NA,NA,NA,NA
"CRI",NA,NA,NA,NA,32385,15065,NA,NA,NA,NA,NA,NA,145262,NA,177949,58265,49757,71059,NA,NA,NA,127267,NA,NA,NA,NA,NA,NA,NA,NA,NA,NA,NA,NA,NA,NA,NA,NA,NA,NA,NA,NA,NA,NA,NA,NA,NA,NA,NA,NA,NA,NA,NA,NA,NA,NA,NA,NA,NA,NA,NA,NA,NA,NA,NA,NA,NA,NA,NA,NA,NA,NA,NA,NA,NA,NA,NA,NA,NA,NA,NA,NA,NA,NA,NA,NA,NA,NA,NA,NA,NA,NA,NA,NA,NA,NA,NA,NA,NA,NA,NA,NA,NA,NA,NA,NA,NA,NA
"CUB",NA,NA,NA,NA,53403,4530,NA,NA,NA,NA,2299,NA,113110,NA,488536,19979,34834,308986,NA,NA,NA,47262,NA,NA,NA,NA,NA,NA,NA,NA,NA,NA,NA,NA,NA,NA,NA,NA,NA,NA,NA,NA,NA,NA,NA,NA,NA,NA,NA,NA,NA,NA,NA,NA,NA,NA,NA,NA,NA,NA,NA,NA,NA,NA,NA,NA,NA,NA,NA,NA,NA,NA,NA,NA,NA,NA,NA,NA,NA,NA,NA,NA,NA,NA,NA,NA,NA,NA,NA,NA,NA,NA,NA,NA,NA,NA,NA,NA,NA,NA,NA,NA,NA,NA,NA,NA,NA,NA
"CZE",959,NA,13797,135402,22315,92866,385,2724,NA,12125,136677,642,147597,1964,194848,872813,8156,775565,2564,NA,1192,33126,6254,4808,NA,NA,NA,NA,NA,NA,NA,NA,NA,NA,NA,NA,NA,NA,NA,NA,NA,NA,NA,NA,NA,NA,NA,NA,NA,NA,NA,NA,NA,NA,NA,NA,NA,NA,NA,NA,NA,NA,NA,NA,NA,NA,NA,NA,NA,NA,NA,NA,NA,NA,NA,NA,NA,NA,NA,NA,NA,NA,NA,NA,NA,NA,NA,NA,NA,NA,NA,NA,NA,NA,NA,NA,NA,NA,NA,NA,NA,NA,NA,NA,NA,NA,NA,NA
"DEU",17453,115861,68989,2145655,2052157,4686794,11703,51159,12191,880467,1442061,39736,8154131,7875,8455078,41888818,1380915,27326457,138711,20122,91613,979569,354457,103056,22346080,NA,NA,NA,NA,NA,NA,NA,NA,NA,NA,NA,NA,NA,NA,NA,NA,NA,NA,NA,NA,NA,NA,NA,NA,NA,NA,NA,NA,NA,NA,NA,NA,NA,NA,NA,NA,NA,NA,NA,NA,NA,NA,NA,NA,NA,NA,NA,NA,NA,NA,NA,NA,NA,NA,NA,NA,NA,NA,NA,NA,NA,NA,NA,NA,NA,NA,NA,NA,NA,NA,NA,NA,NA,NA,NA,NA,NA,NA,NA,NA,NA,NA,NA
"DNK",1559,NA,5054,197014,320825,386680,2278,NA,NA,90471,71807,2251,329343,NA,700472,1200806,127334,1861932,2927,NA,983,48994,9083,8796,334923,17314077,NA,NA,NA,NA,NA,NA,NA,NA,NA,NA,NA,NA,NA,NA,NA,NA,NA,NA,NA,NA,NA,NA,NA,NA,NA,NA,NA,NA,NA,NA,NA,NA,NA,NA,NA,NA,NA,NA,NA,NA,NA,NA,NA,NA,NA,NA,NA,NA,NA,NA,NA,NA,NA,NA,NA,NA,NA,NA,NA,NA,NA,NA,NA,NA,NA,NA,NA,NA,NA,NA,NA,NA,NA,NA,NA,NA,NA,NA,NA,NA,NA,NA
"DZA",NA,NA,NA,20099,109771,34556,NA,NA,NA,NA,NA,NA,1643705,NA,1184645,274351,20202,233233,NA,NA,NA,NA,NA,NA,131438,2314068,42593,NA,NA,NA,NA,NA,NA,NA,NA,NA,NA,NA,NA,NA,NA,NA,NA,NA,NA,NA,NA,NA,NA,NA,NA,NA,NA,NA,NA,NA,NA,NA,NA,NA,NA,NA,NA,NA,NA,NA,NA,NA,NA,NA,NA,NA,NA,NA,NA,NA,NA,NA,NA,NA,NA,NA,NA,NA,NA,NA,NA,NA,NA,NA,NA,NA,NA,NA,NA,NA,NA,NA,NA,NA,NA,NA,NA,NA,NA,NA,NA,NA
"ECU",NA,NA,NA,1538,155520,5736,NA,NA,NA,NA,2833,10425,150667,NA,144315,45891,447832,150757,NA,NA,NA,797341,17827,NA,13834,357969,8659,NA,NA,NA,NA,NA,NA,NA,NA,NA,NA,NA,NA,NA,NA,NA,NA,NA,NA,NA,NA,NA,NA,NA,NA,NA,NA,NA,NA,NA,NA,NA,NA,NA,NA,NA,NA,NA,NA,NA,NA,NA,NA,NA,NA,NA,NA,NA,NA,NA,NA,NA,NA,NA,NA,NA,NA,NA,NA,NA,NA,NA,NA,NA,NA,NA,NA,NA,NA,NA,NA,NA,NA,NA,NA,NA,NA,NA,NA,NA,NA,NA
"EGY",NA,NA,NA,NA,356210,180560,NA,NA,NA,NA,32286,NA,275106,NA,132934,325608,12142,902466,NA,NA,NA,2043,NA,NA,57990,1617758,152595,41125,NA,NA,NA,NA,NA,NA,NA,NA,NA,NA,NA,NA,NA,NA,NA,NA,NA,NA,NA,NA,NA,NA,NA,NA,NA,NA,NA,NA,NA,NA,NA,NA,NA,NA,NA,NA,NA,NA,NA,NA,NA,NA,NA,NA,NA,NA,NA,NA,NA,NA,NA,NA,NA,NA,NA,NA,NA,NA,NA,NA,NA,NA,NA,NA,NA,NA,NA,NA,NA,NA,NA,NA,NA,NA,NA,NA,NA,NA,NA,NA
"ESP",NA,244967,13890,385744,1920413,846563,1650,29534,15878,134808,206009,46349,2382723,16172,1215401,3304332,889425,4917901,181786,10585,50801,424442,189151,690693,1074726,37853322,1617107,3350444,149842,611085,NA,NA,NA,NA,NA,NA,NA,NA,NA,NA,NA,NA,NA,NA,NA,NA,NA,NA,NA,NA,NA,NA,NA,NA,NA,NA,NA,NA,NA,NA,NA,NA,NA,NA,NA,NA,NA,NA,NA,NA,NA,NA,NA,NA,NA,NA,NA,NA,NA,NA,NA,NA,NA,NA,NA,NA,NA,NA,NA,NA,NA,NA,NA,NA,NA,NA,NA,NA,NA,NA,NA,NA,NA,NA,NA,NA,NA,NA
"ETH",NA,NA,NA,NA,NA,4034,NA,NA,NA,NA,2143,NA,NA,NA,11630,5750,NA,53820,NA,NA,NA,NA,NA,NA,1584,157924,9514,NA,NA,NA,27254,NA,NA,NA,NA,NA,NA,NA,NA,NA,NA,NA,NA,NA,NA,NA,NA,NA,NA,NA,NA,NA,NA,NA,NA,NA,NA,NA,NA,NA,NA,NA,NA,NA,NA,NA,NA,NA,NA,NA,NA,NA,NA,NA,NA,NA,NA,NA,NA,NA,NA,NA,NA,NA,NA,NA,NA,NA,NA,NA,NA,NA,NA,NA,NA,NA,NA,NA,NA,NA,NA,NA,NA,NA,NA,NA,NA,NA
"FIN",9743,NA,NA,348195,162000,743237,NA,NA,NA,40155,55897,19460,517221,NA,553720,1201898,172755,3358243,7634,NA,NA,122147,42806,8841,487232,9838230,2477527,97927,5793,185264,1748293,2330,NA,NA,NA,NA,NA,NA,NA,NA,NA,NA,NA,NA,NA,NA,NA,NA,NA,NA,NA,NA,NA,NA,NA,NA,NA,NA,NA,NA,NA,NA,NA,NA,NA,NA,NA,NA,NA,NA,NA,NA,NA,NA,NA,NA,NA,NA,NA,NA,NA,NA,NA,NA,NA,NA,NA,NA,NA,NA,NA,NA,NA,NA,NA,NA,NA,NA,NA,NA,NA,NA,NA,NA,NA,NA,NA,NA
"GAB",NA,NA,NA,NA,NA,NA,NA,NA,NA,NA,NA,NA,NA,NA,4290,1201,NA,339597,NA,NA,NA,NA,NA,NA,NA,28868,432,NA,NA,NA,85026,NA,NA,NA,NA,NA,NA,NA,NA,NA,NA,NA,NA,NA,NA,NA,NA,NA,NA,NA,NA,NA,NA,NA,NA,NA,NA,NA,NA,NA,NA,NA,NA,NA,NA,NA,NA,NA,NA,NA,NA,NA,NA,NA,NA,NA,NA,NA,NA,NA,NA,NA,NA,NA,NA,NA,NA,NA,NA,NA,NA,NA,NA,NA,NA,NA,NA,NA,NA,NA,NA,NA,NA,NA,NA,NA,NA,NA
"GBR",16985,117924,11804,3103139,697291,6487070,2801,62831,8448,677016,263363,30710,3123362,631,14931711,13249794,872355,11156643,100618,5003,31518,543212,869870,37232,2579807,77575570,7812150,875073,79860,1303208,19985564,62235,6244762,28331,NA,NA,NA,NA,NA,NA,NA,NA,NA,NA,NA,NA,NA,NA,NA,NA,NA,NA,NA,NA,NA,NA,NA,NA,NA,NA,NA,NA,NA,NA,NA,NA,NA,NA,NA,NA,NA,NA,NA,NA,NA,NA,NA,NA,NA,NA,NA,NA,NA,NA,NA,NA,NA,NA,NA,NA,NA,NA,NA,NA,NA,NA,NA,NA,NA,NA,NA,NA,NA,NA,NA,NA,NA,NA
"GHA",NA,NA,NA,NA,NA,33521,NA,NA,NA,NA,4777,NA,43058,NA,46956,29431,NA,115844,NA,NA,NA,NA,NA,NA,3248,224794,15080,NA,NA,NA,118081,NA,6373,NA,376644,NA,NA,NA,NA,NA,NA,NA,NA,NA,NA,NA,NA,NA,NA,NA,NA,NA,NA,NA,NA,NA,NA,NA,NA,NA,NA,NA,NA,NA,NA,NA,NA,NA,NA,NA,NA,NA,NA,NA,NA,NA,NA,NA,NA,NA,NA,NA,NA,NA,NA,NA,NA,NA,NA,NA,NA,NA,NA,NA,NA,NA,NA,NA,NA,NA,NA,NA,NA,NA,NA,NA,NA,NA
"GIN",NA,NA,NA,NA,NA,NA,NA,NA,NA,NA,NA,NA,5513,NA,19005,NA,NA,NA,NA,NA,NA,NA,NA,NA,276,62046,NA,NA,NA,NA,99338,NA,NA,NA,30427,NA,NA,NA,NA,NA,NA,NA,NA,NA,NA,NA,NA,NA,NA,NA,NA,NA,NA,NA,NA,NA,NA,NA,NA,NA,NA,NA,NA,NA,NA,NA,NA,NA,NA,NA,NA,NA,NA,NA,NA,NA,NA,NA,NA,NA,NA,NA,NA,NA,NA,NA,NA,NA,NA,NA,NA,NA,NA,NA,NA,NA,NA,NA,NA,NA,NA,NA,NA,NA,NA,NA,NA,NA
"GMB",NA,NA,NA,NA,NA,NA,NA,NA,NA,NA,NA,NA,NA,NA,NA,NA,NA,NA,NA,NA,NA,NA,NA,NA,NA,5663,NA,NA,NA,NA,3290,NA,NA,NA,22317,NA,NA,NA,NA,NA,NA,NA,NA,NA,NA,NA,NA,NA,NA,NA,NA,NA,NA,NA,NA,NA,NA,NA,NA,NA,NA,NA,NA,NA,NA,NA,NA,NA,NA,NA,NA,NA,NA,NA,NA,NA,NA,NA,NA,NA,NA,NA,NA,NA,NA,NA,NA,NA,NA,NA,NA,NA,NA,NA,NA,NA,NA,NA,NA,NA,NA,NA,NA,NA,NA,NA,NA,NA
"GNB",NA,NA,NA,NA,NA,NA,NA,NA,NA,NA,NA,NA,NA,NA,NA,NA,NA,7278,NA,NA,NA,NA,NA,NA,NA,7277,2622,NA,NA,NA,7220,NA,NA,NA,7567,NA,NA,NA,NA,NA,NA,NA,NA,NA,NA,NA,NA,NA,NA,NA,NA,NA,NA,NA,NA,NA,NA,NA,NA,NA,NA,NA,NA,NA,NA,NA,NA,NA,NA,NA,NA,NA,NA,NA,NA,NA,NA,NA,NA,NA,NA,NA,NA,NA,NA,NA,NA,NA,NA,NA,NA,NA,NA,NA,NA,NA,NA,NA,NA,NA,NA,NA,NA,NA,NA,NA,NA,NA
"GNQ",NA,NA,NA,NA,NA,NA,NA,NA,NA,NA,NA,NA,NA,NA,NA,NA,NA,321851,NA,NA,NA,NA,NA,NA,NA,4289,NA,NA,NA,NA,681997,NA,NA,NA,41188,NA,NA,NA,NA,NA,NA,NA,NA,NA,NA,NA,NA,NA,NA,NA,NA,NA,NA,NA,NA,NA,NA,NA,NA,NA,NA,NA,NA,NA,NA,NA,NA,NA,NA,NA,NA,NA,NA,NA,NA,NA,NA,NA,NA,NA,NA,NA,NA,NA,NA,NA,NA,NA,NA,NA,NA,NA,NA,NA,NA,NA,NA,NA,NA,NA,NA,NA,NA,NA,NA,NA,NA,NA
"GRC",314,NA,281431,73415,98948,206449,NA,NA,NA,9785,694549,803,138467,NA,164606,483470,54410,740644,11242,NA,NA,10048,2802,762,181258,5313099,373920,141606,6488,245728,1328065,12288,521355,12685,2034888,4791,5273,NA,831,NA,NA,NA,NA,NA,NA,NA,NA,NA,NA,NA,NA,NA,NA,NA,NA,NA,NA,NA,NA,NA,NA,NA,NA,NA,NA,NA,NA,NA,NA,NA,NA,NA,NA,NA,NA,NA,NA,NA,NA,NA,NA,NA,NA,NA,NA,NA,NA,NA,NA,NA,NA,NA,NA,NA,NA,NA,NA,NA,NA,NA,NA,NA,NA,NA,NA,NA,NA,NA
"GTM",NA,NA,NA,NA,31431,6867,NA,NA,NA,NA,10963,NA,73474,NA,190992,27659,35676,138286,NA,NA,NA,71176,NA,NA,2239,223922,10288,NA,20145,NA,104195,NA,31455,NA,68751,NA,NA,NA,NA,NA,424,NA,NA,NA,NA,NA,NA,NA,NA,NA,NA,NA,NA,NA,NA,NA,NA,NA,NA,NA,NA,NA,NA,NA,NA,NA,NA,NA,NA,NA,NA,NA,NA,NA,NA,NA,NA,NA,NA,NA,NA,NA,NA,NA,NA,NA,NA,NA,NA,NA,NA,NA,NA,NA,NA,NA,NA,NA,NA,NA,NA,NA,NA,NA,NA,NA,NA,NA
"HND",NA,NA,NA,NA,7002,2900,NA,NA,NA,NA,NA,NA,28272,NA,51314,29228,NA,57809,NA,NA,NA,36152,NA,NA,3975,121210,6996,NA,3790,NA,82011,NA,6629,NA,55223,NA,NA,NA,NA,NA,NA,NA,NA,NA,NA,NA,NA,NA,NA,NA,NA,NA,NA,NA,NA,NA,NA,NA,NA,NA,NA,NA,NA,NA,NA,NA,NA,NA,NA,NA,NA,NA,NA,NA,NA,NA,NA,NA,NA,NA,NA,NA,NA,NA,NA,NA,NA,NA,NA,NA,NA,NA,NA,NA,NA,NA,NA,NA,NA,NA,NA,NA,NA,NA,NA,NA,NA,NA
"HUN",NA,NA,NA,8087,40197,75638,NA,377,NA,10489,91658,NA,314471,NA,174007,787162,9640,1029814,NA,NA,NA,11295,3510,500,1152149,17952447,247171,23597,4959,30731,1160327,3564,499054,647,2061006,747,NA,NA,NA,NA,157747,836,NA,NA,NA,NA,NA,NA,NA,NA,NA,NA,NA,NA,NA,NA,NA,NA,NA,NA,NA,NA,NA,NA,NA,NA,NA,NA,NA,NA,NA,NA,NA,NA,NA,NA,NA,NA,NA,NA,NA,NA,NA,NA,NA,NA,NA,NA,NA,NA,NA,NA,NA,NA,NA,NA,NA,NA,NA,NA,NA,NA,NA,NA,NA,NA,NA,NA
"IDN",6616,NA,NA,936261,190424,3363793,587,27097,4223,246078,40306,NA,524093,2133,1239365,305324,186303,6411994,7187,NA,NA,40149,7490,NA,69828,3551428,228040,55455,13779,208383,1362988,14335,270744,1996,2323700,23269,13052,NA,1235,NA,129882,NA,NA,132914,NA,NA,NA,NA,NA,NA,NA,NA,NA,NA,NA,NA,NA,NA,NA,NA,NA,NA,NA,NA,NA,NA,NA,NA,NA,NA,NA,NA,NA,NA,NA,NA,NA,NA,NA,NA,NA,NA,NA,NA,NA,NA,NA,NA,NA,NA,NA,NA,NA,NA,NA,NA,NA,NA,NA,NA,NA,NA,NA,NA,NA,NA,NA,NA
"IND",NA,NA,NA,NA,NA,NA,NA,NA,NA,NA,NA,NA,NA,NA,NA,NA,NA,NA,NA,NA,NA,NA,NA,NA,NA,NA,NA,NA,NA,NA,NA,NA,NA,NA,NA,NA,NA,NA,NA,NA,NA,NA,NA,NA,NA,NA,NA,NA,NA,NA,NA,NA,NA,NA,NA,NA,NA,NA,NA,NA,NA,NA,NA,NA,NA,NA,NA,NA,NA,NA,NA,NA,NA,NA,NA,NA,NA,NA,NA,NA,NA,NA,NA,NA,NA,NA,NA,NA,NA,NA,NA,NA,NA,NA,NA,NA,NA,NA,NA,NA,NA,NA,NA,NA,NA,NA,NA,NA
"IRL",1419,NA,NA,224904,118100,667295,NA,5527,1525,23127,36963,NA,363889,NA,1118796,2328233,63482,1210961,18002,NA,5052,54096,83906,2376,323801,13251245,1226739,28609,1187,232899,2867686,NA,677585,7077,30586350,43558,83859,NA,NA,NA,319509,8316,19247,540013,166618,NA,NA,NA,NA,NA,NA,NA,NA,NA,NA,NA,NA,NA,NA,NA,NA,NA,NA,NA,NA,NA,NA,NA,NA,NA,NA,NA,NA,NA,NA,NA,NA,NA,NA,NA,NA,NA,NA,NA,NA,NA,NA,NA,NA,NA,NA,NA,NA,NA,NA,NA,NA,NA,NA,NA,NA,NA,NA,NA,NA,NA,NA,NA
"IRN",34176,NA,NA,1407980,201144,411848,NA,NA,NA,40856,21818,NA,488021,NA,730479,424568,1406,2375512,NA,NA,NA,710,NA,NA,44119,1904543,65045,NA,NA,27385,1219216,NA,97313,NA,468889,859,NA,NA,NA,NA,1173390,NA,NA,37969,258487,NA,19946,NA,NA,NA,NA,NA,NA,NA,NA,NA,NA,NA,NA,NA,NA,NA,NA,NA,NA,NA,NA,NA,NA,NA,NA,NA,NA,NA,NA,NA,NA,NA,NA,NA,NA,NA,NA,NA,NA,NA,NA,NA,NA,NA,NA,NA,NA,NA,NA,NA,NA,NA,NA,NA,NA,NA,NA,NA,NA,NA,NA,NA
"IRQ",NA,NA,NA,NA,NA,78380,NA,NA,NA,NA,NA,NA,244739,NA,513110,NA,NA,973213,NA,NA,NA,NA,NA,NA,7097,152180,NA,27043,NA,NA,1240372,NA,NA,NA,NA,NA,NA,NA,NA,NA,312685,NA,NA,NA,112696,NA,NA,128631,NA,NA,NA,NA,NA,NA,NA,NA,NA,NA,NA,NA,NA,NA,NA,NA,NA,NA,NA,NA,NA,NA,NA,NA,NA,NA,NA,NA,NA,NA,NA,NA,NA,NA,NA,NA,NA,NA,NA,NA,NA,NA,NA,NA,NA,NA,NA,NA,NA,NA,NA,NA,NA,NA,NA,NA,NA,NA,NA,NA
"ISR",NA,NA,NA,NA,166096,390766,NA,NA,NA,NA,42558,3708,447459,NA,741445,2299979,63640,929406,4801,NA,NA,105166,14949,NA,106334,4509293,229514,NA,14318,672185,1209508,19415,328120,13064,4363041,4816,NA,NA,NA,NA,300004,12188,5412,126679,40759,NA,608218,NA,NA,NA,NA,NA,NA,NA,NA,NA,NA,NA,NA,NA,NA,NA,NA,NA,NA,NA,NA,NA,NA,NA,NA,NA,NA,NA,NA,NA,NA,NA,NA,NA,NA,NA,NA,NA,NA,NA,NA,NA,NA,NA,NA,NA,NA,NA,NA,NA,NA,NA,NA,NA,NA,NA,NA,NA,NA,NA,NA,NA
"ITA",1859,79743,508055,1719742,1843680,3197197,2433,78850,34354,365443,1219292,44973,4650058,3944,4252215,14858275,1281760,9569497,759207,35034,117078,543569,150567,267015,2718695,75389930,3558703,5243256,230166,2437873,23411625,164309,3181787,62150,27999346,396776,22925,6252,11571,8833,5074888,103929,38318,3984027,1215660,NA,4528452,3068905,1927885,2690136,NA,NA,NA,NA,NA,NA,NA,NA,NA,NA,NA,NA,NA,NA,NA,NA,NA,NA,NA,NA,NA,NA,NA,NA,NA,NA,NA,NA,NA,NA,NA,NA,NA,NA,NA,NA,NA,NA,NA,NA,NA,NA,NA,NA,NA,NA,NA,NA,NA,NA,NA,NA,NA,NA,NA,NA,NA,NA
"JPN",51332,26628,1030,17360730,1401022,24170631,2512,NA,12008,583359,85218,55955,6098906,4086,20081058,5630169,3537780,96604128,24394,27839,25372,787241,417859,59816,768697,37204702,2811073,289547,376978,883548,5770615,107700,2658113,41277,22413101,88531,15263,9264,6196,53580,1261495,263341,217655,2092283,21771841,NA,6164594,6016731,702907,2078103,11249605,NA,NA,NA,NA,NA,NA,NA,NA,NA,NA,NA,NA,NA,NA,NA,NA,NA,NA,NA,NA,NA,NA,NA,NA,NA,NA,NA,NA,NA,NA,NA,NA,NA,NA,NA,NA,NA,NA,NA,NA,NA,NA,NA,NA,NA,NA,NA,NA,NA,NA,NA,NA,NA,NA,NA,NA,NA
"KEN",NA,NA,NA,NA,41838,20912,NA,NA,NA,NA,NA,NA,9842,NA,21233,24964,490,131207,NA,NA,NA,NA,NA,NA,2308,190384,12835,NA,NA,NA,29187,NA,49008,NA,514186,NA,NA,NA,NA,NA,4822,NA,NA,1902,27721,NA,24127,4667,NA,47530,100252,150105,NA,NA,NA,NA,NA,NA,NA,NA,NA,NA,NA,NA,NA,NA,NA,NA,NA,NA,NA,NA,NA,NA,NA,NA,NA,NA,NA,NA,NA,NA,NA,NA,NA,NA,NA,NA,NA,NA,NA,NA,NA,NA,NA,NA,NA,NA,NA,NA,NA,NA,NA,NA,NA,NA,NA,NA
"KHM",NA,NA,NA,NA,NA,2355,NA,NA,NA,NA,NA,NA,737,NA,16675,5744,NA,217080,NA,NA,NA,NA,NA,NA,NA,112207,NA,NA,NA,NA,11318,NA,3465,NA,86266,NA,NA,NA,NA,NA,4512,NA,NA,NA,49872,NA,13760,NA,NA,NA,16377,101324,NA,NA,NA,NA,NA,NA,NA,NA,NA,NA,NA,NA,NA,NA,NA,NA,NA,NA,NA,NA,NA,NA,NA,NA,NA,NA,NA,NA,NA,NA,NA,NA,NA,NA,NA,NA,NA,NA,NA,NA,NA,NA,NA,NA,NA,NA,NA,NA,NA,NA,NA,NA,NA,NA,NA,NA
"KOR",NA,669609,NA,6688279,679325,8879865,NA,NA,1435,642665,34103,11404,2464094,NA,5662146,1286229,1430764,36000753,16281,684,547000,272019,180686,NA,256904,9984747,836426,248282,374788,648438,2020467,21609,818780,179748,7739096,54676,62039,NA,NA,3652,1135382,504061,161158,625726,7358348,NA,2117822,3763023,531204,1067194,3711578,52269173,46001,95591,NA,NA,NA,NA,NA,NA,NA,NA,NA,NA,NA,NA,NA,NA,NA,NA,NA,NA,NA,NA,NA,NA,NA,NA,NA,NA,NA,NA,NA,NA,NA,NA,NA,NA,NA,NA,NA,NA,NA,NA,NA,NA,NA,NA,NA,NA,NA,NA,NA,NA,NA,NA,NA,NA
"LAO",NA,NA,NA,NA,NA,3337,NA,NA,NA,NA,NA,NA,NA,NA,1360,4641,NA,37151,NA,NA,NA,NA,NA,NA,751,24918,1437,82640,NA,NA,NA,NA,NA,NA,11651,NA,NA,NA,NA,NA,NA,NA,NA,NA,1669,NA,2612,NA,NA,NA,NA,31597,NA,NA,3924,NA,NA,NA,NA,NA,NA,NA,NA,NA,NA,NA,NA,NA,NA,NA,NA,NA,NA,NA,NA,NA,NA,NA,NA,NA,NA,NA,NA,NA,NA,NA,NA,NA,NA,NA,NA,NA,NA,NA,NA,NA,NA,NA,NA,NA,NA,NA,NA,NA,NA,NA,NA,NA
"LBN",NA,NA,NA,NA,NA,22383,NA,NA,NA,NA,14869,NA,49010,NA,24939,213500,2415,163873,NA,NA,NA,NA,NA,NA,NA,411497,26814,13680,NA,NA,136753,NA,NA,NA,224485,NA,NA,NA,NA,NA,187195,NA,NA,16914,47993,NA,59052,19236,NA,NA,639014,123818,NA,NA,93362,NA,NA,NA,NA,NA,NA,NA,NA,NA,NA,NA,NA,NA,NA,NA,NA,NA,NA,NA,NA,NA,NA,NA,NA,NA,NA,NA,NA,NA,NA,NA,NA,NA,NA,NA,NA,NA,NA,NA,NA,NA,NA,NA,NA,NA,NA,NA,NA,NA,NA,NA,NA,NA
"LBR",NA,NA,NA,NA,NA,NA,NA,NA,NA,NA,NA,NA,NA,NA,2334,9278,9625,159456,NA,NA,NA,NA,NA,NA,1050,495818,3220,13720,NA,NA,7375,NA,NA,NA,24241,NA,NA,NA,NA,NA,49901,NA,NA,NA,3563,NA,NA,NA,NA,NA,89603,NA,NA,NA,1078989,NA,NA,NA,NA,NA,NA,NA,NA,NA,NA,NA,NA,NA,NA,NA,NA,NA,NA,NA,NA,NA,NA,NA,NA,NA,NA,NA,NA,NA,NA,NA,NA,NA,NA,NA,NA,NA,NA,NA,NA,NA,NA,NA,NA,NA,NA,NA,NA,NA,NA,NA,NA,NA
"LKA",NA,NA,NA,NA,9932,179107,NA,NA,NA,NA,3366,NA,13307,NA,121542,67569,30658,451253,NA,NA,NA,18058,NA,NA,28882,408756,21870,NA,2157,NA,51919,NA,10233,NA,856131,NA,NA,NA,NA,NA,4120,NA,NA,5149,183927,NA,31161,42697,NA,67613,128133,736613,NA,NA,431451,NA,NA,NA,NA,NA,NA,NA,NA,NA,NA,NA,NA,NA,NA,NA,NA,NA,NA,NA,NA,NA,NA,NA,NA,NA,NA,NA,NA,NA,NA,NA,NA,NA,NA,NA,NA,NA,NA,NA,NA,NA,NA,NA,NA,NA,NA,NA,NA,NA,NA,NA,NA,NA
"MAR",NA,NA,NA,23510,103053,48811,NA,11642,7449,NA,31646,NA,258581,NA,287390,150209,10486,320937,15072,NA,14362,8316,7239,NA,20106,1040391,55085,194086,NA,53148,2015556,1620,133172,24483,1378286,5675,18945,NA,NA,2845,87234,NA,NA,17092,35911,NA,69270,398377,481769,8306,1050566,527386,1355,NA,142251,NA,10355,NA,3223,NA,NA,NA,NA,NA,NA,NA,NA,NA,NA,NA,NA,NA,NA,NA,NA,NA,NA,NA,NA,NA,NA,NA,NA,NA,NA,NA,NA,NA,NA,NA,NA,NA,NA,NA,NA,NA,NA,NA,NA,NA,NA,NA,NA,NA,NA,NA,NA,NA
"MDG",NA,NA,NA,NA,6081,3314,NA,NA,NA,NA,NA,NA,NA,NA,3112,2036,277,72586,NA,NA,NA,NA,NA,NA,2010,75542,5208,NA,NA,NA,45915,NA,2877,NA,38728,NA,NA,NA,NA,NA,560,NA,NA,NA,66505,NA,NA,NA,NA,NA,51062,51084,NA,NA,NA,NA,NA,NA,NA,1872,NA,NA,NA,NA,NA,NA,NA,NA,NA,NA,NA,NA,NA,NA,NA,NA,NA,NA,NA,NA,NA,NA,NA,NA,NA,NA,NA,NA,NA,NA,NA,NA,NA,NA,NA,NA,NA,NA,NA,NA,NA,NA,NA,NA,NA,NA,NA,NA
"MEX",NA,NA,NA,35554,803868,612624,NA,NA,NA,19007,32355,35815,2776277,NA,12352317,935425,1571824,3616920,NA,NA,NA,833391,475791,NA,56403,7498390,197755,281435,191108,11113,3206070,1175,272653,NA,2133417,327,NA,NA,NA,NA,43028,625386,213068,256887,553920,NA,544337,70432,NA,359176,2752818,9943920,2740,NA,4388537,NA,NA,NA,45955,98628,NA,NA,NA,NA,NA,NA,NA,NA,NA,NA,NA,NA,NA,NA,NA,NA,NA,NA,NA,NA,NA,NA,NA,NA,NA,NA,NA,NA,NA,NA,NA,NA,NA,NA,NA,NA,NA,NA,NA,NA,NA,NA,NA,NA,NA,NA,NA,NA
"MLI",NA,NA,NA,NA,NA,NA,NA,NA,NA,NA,NA,NA,27997,NA,22251,777,NA,32901,NA,NA,NA,NA,NA,NA,3949,37279,NA,NA,NA,NA,16123,NA,NA,NA,31269,NA,NA,NA,NA,NA,1261,NA,NA,NA,8955,NA,3633,NA,NA,NA,29653,6234,NA,NA,8826,NA,NA,NA,NA,12888,NA,NA,NA,NA,NA,NA,NA,NA,NA,NA,NA,NA,NA,NA,NA,NA,NA,NA,NA,NA,NA,NA,NA,NA,NA,NA,NA,NA,NA,NA,NA,NA,NA,NA,NA,NA,NA,NA,NA,NA,NA,NA,NA,NA,NA,NA,NA,NA
"MMR",NA,NA,NA,NA,NA,18191,NA,NA,NA,NA,NA,NA,NA,NA,NA,3180,NA,614706,NA,NA,NA,NA,NA,NA,671,121685,15667,NA,NA,NA,17807,NA,1979,NA,84133,NA,NA,NA,NA,NA,1855,NA,NA,NA,82012,NA,2392,NA,NA,NA,39521,309743,NA,NA,306884,NA,NA,NA,NA,NA,NA,NA,NA,NA,NA,NA,NA,NA,NA,NA,NA,NA,NA,NA,NA,NA,NA,NA,NA,NA,NA,NA,NA,NA,NA,NA,NA,NA,NA,NA,NA,NA,NA,NA,NA,NA,NA,NA,NA,NA,NA,NA,NA,NA,NA,NA,NA,NA
"MNG",NA,NA,NA,NA,NA,NA,NA,NA,NA,NA,NA,NA,NA,NA,NA,3012,NA,316167,NA,NA,NA,NA,NA,NA,3040,28433,NA,NA,NA,NA,621,NA,NA,NA,16227,NA,NA,NA,NA,NA,NA,NA,NA,NA,NA,NA,NA,NA,NA,NA,21053,34961,NA,NA,53186,NA,NA,NA,NA,NA,NA,NA,NA,NA,NA,NA,NA,NA,NA,NA,NA,NA,NA,NA,NA,NA,NA,NA,NA,NA,NA,NA,NA,NA,NA,NA,NA,NA,NA,NA,NA,NA,NA,NA,NA,NA,NA,NA,NA,NA,NA,NA,NA,NA,NA,NA,NA,NA
"MOZ",NA,NA,NA,NA,NA,NA,NA,NA,NA,NA,NA,NA,5973,NA,8417,3371,NA,30397,NA,NA,NA,NA,NA,NA,NA,20674,NA,NA,NA,NA,59799,NA,NA,NA,30246,NA,NA,NA,NA,NA,NA,NA,NA,NA,8423,NA,NA,NA,NA,NA,27403,39024,NA,NA,6498,NA,NA,NA,NA,NA,NA,NA,NA,NA,NA,NA,NA,NA,NA,NA,NA,NA,NA,NA,NA,NA,NA,NA,NA,NA,NA,NA,NA,NA,NA,NA,NA,NA,NA,NA,NA,NA,NA,NA,NA,NA,NA,NA,NA,NA,NA,NA,NA,NA,NA,NA,NA,NA
"MRT",NA,NA,NA,NA,NA,NA,NA,NA,NA,NA,NA,NA,8726,NA,NA,NA,NA,27705,NA,NA,NA,NA,NA,NA,NA,38324,NA,12331,NA,NA,87904,NA,4206,NA,18852,NA,NA,NA,NA,NA,5550,NA,NA,NA,NA,NA,NA,NA,NA,NA,105730,93247,NA,NA,1018,NA,NA,NA,NA,NA,NA,NA,NA,NA,NA,NA,NA,NA,NA,NA,NA,NA,NA,NA,NA,NA,NA,NA,NA,NA,NA,NA,NA,NA,NA,NA,NA,NA,NA,NA,NA,NA,NA,NA,NA,NA,NA,NA,NA,NA,NA,NA,NA,NA,NA,NA,NA,NA
"MWI",NA,NA,NA,NA,NA,3835,NA,NA,NA,NA,NA,NA,NA,NA,3991,6659,NA,NA,NA,NA,NA,NA,NA,NA,NA,53253,9789,NA,NA,NA,18676,NA,2672,NA,30414,NA,NA,NA,NA,NA,NA,NA,NA,NA,1919,NA,851,NA,NA,NA,8666,62431,NA,NA,NA,NA,NA,NA,NA,NA,NA,NA,NA,NA,NA,NA,NA,NA,NA,NA,NA,NA,NA,NA,NA,NA,NA,NA,NA,NA,NA,NA,NA,NA,NA,NA,NA,NA,NA,NA,NA,NA,NA,NA,NA,NA,NA,NA,NA,NA,NA,NA,NA,NA,NA,NA,NA,NA
"MYS",3199,NA,NA,1152249,355513,4179609,NA,2107,2139,162891,10200,4559,646710,NA,2143183,1125490,161020,8712360,2257,2537,NA,34323,135862,NA,181592,5915658,236887,32056,3283,236538,633368,9541,394640,1223,5202830,25761,2491,NA,NA,NA,90774,5206,NA,334269,3384784,NA,1296609,221914,NA,NA,1199932,31724142,35804,83097,8531432,NA,22659,7571,224724,29265,5529,1534230,5518,294524,NA,NA,NA,1086,NA,NA,NA,NA,NA,NA,NA,NA,NA,NA,NA,NA,NA,NA,NA,NA,NA,NA,NA,NA,NA,NA,NA,NA,NA,NA,NA,NA,NA,NA,NA,NA,NA,NA,NA,NA,NA,NA,NA,NA
"NER",NA,NA,NA,NA,NA,NA,NA,NA,NA,NA,NA,NA,NA,NA,1311,NA,NA,NA,NA,NA,NA,NA,NA,NA,NA,30759,NA,NA,NA,NA,2280,NA,NA,NA,6286,NA,NA,NA,NA,NA,NA,NA,NA,NA,10760,NA,2249,NA,NA,NA,5246,6787,NA,NA,265907,NA,NA,NA,NA,NA,NA,NA,NA,NA,NA,NA,NA,NA,NA,NA,NA,NA,NA,NA,NA,NA,NA,NA,NA,NA,NA,NA,NA,NA,NA,NA,NA,NA,NA,NA,NA,NA,NA,NA,NA,NA,NA,NA,NA,NA,NA,NA,NA,NA,NA,NA,NA,NA
"NGA",NA,7436,NA,50081,243518,43603,NA,59746,NA,NA,NA,NA,1007610,NA,347146,501908,314285,666600,356194,NA,3070,NA,NA,NA,5973,1358720,64289,21563,NA,NA,2519144,NA,3669,NA,1206577,397087,19279,NA,NA,NA,54103,NA,NA,6468,504020,NA,50101,NA,468,NA,2073731,623163,NA,NA,264854,NA,NA,824,NA,7102,3526,29184,7028,NA,NA,NA,NA,NA,26330,1181,NA,NA,NA,NA,NA,NA,NA,NA,NA,NA,NA,NA,NA,NA,NA,NA,NA,NA,NA,NA,NA,NA,NA,NA,NA,NA,NA,NA,NA,NA,NA,NA,NA,NA,NA,NA,NA,NA
"NIC",NA,NA,NA,NA,NA,NA,NA,NA,NA,NA,NA,NA,NA,NA,47362,11926,NA,41274,NA,NA,NA,NA,NA,NA,NA,83199,2842,NA,NA,NA,30744,NA,7354,NA,15351,NA,NA,NA,NA,NA,NA,NA,NA,2024,3035,NA,1814,NA,NA,1163,12568,83750,NA,NA,NA,NA,NA,NA,NA,NA,NA,116075,NA,NA,NA,NA,NA,NA,NA,NA,853,NA,NA,NA,NA,NA,NA,NA,NA,NA,NA,NA,NA,NA,NA,NA,NA,NA,NA,NA,NA,NA,NA,NA,NA,NA,NA,NA,NA,NA,NA,NA,NA,NA,NA,NA,NA,NA
"NLD",4726,110030,9811,804562,573472,1268550,8524,48381,4863,276781,191709,10437,2683833,885,1671371,6950766,415175,7642000,141541,50848,33921,270508,240472,91113,1363526,71038109,4964412,1421754,107491,515115,9342080,36706,2942436,38948,38884688,305954,19401,20023,16318,9609,1942347,72265,48625,1886067,1729216,NA,4732477,907768,653961,2275832,17659596,10124505,220974,18903,3209092,12774,104477,13860,120398,336558,14607,900229,7655,26634,6317,14560,14243,39226,3341976,10210,498833,11744,NA,NA,NA,NA,NA,NA,NA,NA,NA,NA,NA,NA,NA,NA,NA,NA,NA,NA,NA,NA,NA,NA,NA,NA,NA,NA,NA,NA,NA,NA,NA,NA,NA,NA,NA,NA
"NOR",NA,NA,NA,90621,61855,152213,NA,NA,NA,39334,14554,NA,480698,NA,3911927,540668,66082,1589382,1585,741,10685,55526,25493,1751,425503,13796890,4462683,12737,2438,35285,1485198,1272,2505420,6279,11562064,7995,750,NA,NA,NA,246117,15365,2676,126855,111884,NA,1378576,16077,NA,120119,1836437,2948929,13662,NA,1252430,2602,8079,285397,10725,50680,NA,174338,913,NA,NA,NA,3624,1349,158840,NA,28835,1039,6162312,NA,NA,NA,NA,NA,NA,NA,NA,NA,NA,NA,NA,NA,NA,NA,NA,NA,NA,NA,NA,NA,NA,NA,NA,NA,NA,NA,NA,NA,NA,NA,NA,NA,NA,NA
"NPL",NA,NA,NA,NA,NA,4381,NA,NA,NA,NA,NA,NA,NA,NA,8612,14947,NA,199405,NA,NA,NA,NA,NA,NA,1629,109115,2397,NA,NA,NA,4943,NA,357,NA,21119,NA,NA,NA,NA,NA,236,NA,NA,NA,NA,NA,NA,NA,NA,NA,16953,55308,NA,NA,19365,NA,NA,NA,NA,NA,NA,NA,NA,NA,NA,NA,NA,NA,NA,NA,NA,NA,7602,NA,NA,NA,NA,NA,NA,NA,NA,NA,NA,NA,NA,NA,NA,NA,NA,NA,NA,NA,NA,NA,NA,NA,NA,NA,NA,NA,NA,NA,NA,NA,NA,NA,NA,NA
"NZL",NA,NA,NA,296020,83231,5803919,NA,NA,NA,10350,367,745,75742,NA,563457,157485,52780,1499353,NA,NA,NA,5916,625,8080,7663,993709,106270,NA,26162,62029,133378,NA,89898,NA,1311349,2328,NA,NA,NA,NA,35202,1769,NA,6798,355012,NA,79574,42330,NA,25529,517478,3743409,1542,1251,998516,NA,NA,NA,70720,103179,NA,247532,NA,5873,NA,NA,NA,NA,651291,NA,37660,NA,216830,24158,19206,NA,NA,NA,NA,NA,NA,NA,NA,NA,NA,NA,NA,NA,NA,NA,NA,NA,NA,NA,NA,NA,NA,NA,NA,NA,NA,NA,NA,NA,NA,NA,NA,NA
"OMN",NA,NA,NA,10978611,NA,193171,NA,NA,NA,868,4412,NA,16728,NA,17901,39950,22645,3350894,NA,NA,NA,NA,NA,NA,NA,189205,25174,NA,NA,19506,37101,NA,NA,NA,410923,NA,NA,NA,NA,NA,3342,NA,NA,NA,25925,NA,20398,60906,NA,NA,91852,2944068,NA,NA,1914566,NA,5345,NA,5962,2364,NA,3155,NA,NA,NA,NA,NA,NA,433695,NA,NA,NA,114563,2534,NA,100733,NA,NA,NA,NA,NA,NA,NA,NA,NA,NA,NA,NA,NA,NA,NA,NA,NA,NA,NA,NA,NA,NA,NA,NA,NA,NA,NA,NA,NA,NA,NA,NA
"PAK",160968,NA,NA,1731825,85929,416813,5588,19470,NA,174577,1711,349,54805,NA,262258,327939,41382,1034979,4132,472,NA,NA,NA,NA,16456,911226,54697,1157,NA,69615,217044,4244,29692,NA,911336,NA,312,NA,NA,NA,50084,12349,NA,20622,296385,NA,46058,367641,NA,NA,397898,861791,162923,NA,617028,NA,NA,NA,114281,31192,NA,52208,NA,23045,NA,NA,16303,4658,478605,NA,NA,976,333434,40825,4237,40973,81508,NA,NA,NA,NA,NA,NA,NA,NA,NA,NA,NA,NA,NA,NA,NA,NA,NA,NA,NA,NA,NA,NA,NA,NA,NA,NA,NA,NA,NA,NA,NA
"PAN",NA,NA,NA,NA,27634,12366,NA,NA,NA,NA,1289,NA,91892,NA,43008,187920,40620,1286102,NA,NA,NA,213959,NA,NA,9709,223659,48098,33751,386636,NA,272270,NA,23527,NA,76541,NA,NA,NA,NA,NA,96859,NA,NA,1394,195468,NA,8958,NA,NA,20207,741658,6478289,NA,NA,1271866,NA,NA,NA,NA,NA,NA,392481,NA,NA,NA,NA,NA,NA,189834,NA,NA,NA,32506,166429,NA,20878,NA,11024,NA,NA,NA,NA,NA,NA,NA,NA,NA,NA,NA,NA,NA,NA,NA,NA,NA,NA,NA,NA,NA,NA,NA,NA,NA,NA,NA,NA,NA,NA
"PER",NA,NA,NA,32891,352073,69940,NA,NA,NA,NA,20927,134422,593971,NA,337429,71159,638863,843608,NA,NA,NA,535021,13360,2107,11736,471453,31857,6428,394102,NA,378354,NA,44358,NA,299853,1061,NA,NA,NA,NA,4052,27113,NA,15957,72291,NA,15271,NA,NA,18118,261518,831370,NA,NA,358679,NA,NA,NA,4991,4328,930,424948,NA,NA,NA,NA,NA,NA,50899,NA,69208,NA,94277,78021,NA,37636,NA,2292,73946,NA,NA,NA,NA,NA,NA,NA,NA,NA,NA,NA,NA,NA,NA,NA,NA,NA,NA,NA,NA,NA,NA,NA,NA,NA,NA,NA,NA,NA
"PHL",NA,NA,NA,993902,38896,1200146,NA,647,NA,15361,2190,NA,251316,NA,1233829,272654,111713,2521603,NA,NA,NA,6966,34699,448,27648,2531776,79795,3765,NA,5920,240886,NA,458005,NA,2176020,NA,NA,NA,NA,NA,10576,NA,1012,203009,899844,NA,479177,831329,NA,389155,449203,13646174,3456,2104,4280500,NA,NA,NA,8953,3222,NA,636737,2315,11390,NA,759,NA,5524,3214469,NA,NA,NA,3452818,37374,NA,210412,224634,28497,28311,38340,NA,NA,NA,NA,NA,NA,NA,NA,NA,NA,NA,NA,NA,NA,NA,NA,NA,NA,NA,NA,NA,NA,NA,NA,NA,NA,NA,NA
"POL",3844,NA,NA,34325,92311,71592,2134,1894,494,17905,120590,474,385961,NA,340017,869129,19514,1465608,7035,NA,NA,37457,20671,NA,2697037,22882612,1509231,54682,89553,85803,1690498,5114,1168453,NA,3566617,10596,709,NA,NA,NA,280647,7630,10180,1406364,212876,NA,373799,42017,NA,188003,5989005,1117029,9799,NA,791237,NA,NA,75557,19629,108360,NA,149177,1685,NA,NA,265,2010,NA,299457,NA,30882,NA,2932897,774825,NA,16658,620,32410,31026,25237,58407,NA,NA,NA,NA,NA,NA,NA,NA,NA,NA,NA,NA,NA,NA,NA,NA,NA,NA,NA,NA,NA,NA,NA,NA,NA,NA,NA
"PRT",NA,384629,NA,34306,196810,124765,NA,5016,10544,7196,28012,467,607433,NA,260220,621476,74743,392003,58701,NA,21399,97455,31006,22259,174406,10736628,594515,97157,15625,158555,14248403,NA,383908,32161,4848240,9256,2970,NA,149380,7810,159239,4396,4911,179983,47952,NA,355526,362599,NA,152725,3840418,1114896,3897,1113,435468,NA,9671,3821,8467,128949,6550,231478,14504,NA,NA,96795,13572,12464,87415,2879,823025,1386,2543238,883540,NA,26642,652,84142,14030,6889,14412,336919,NA,NA,NA,NA,NA,NA,NA,NA,NA,NA,NA,NA,NA,NA,NA,NA,NA,NA,NA,NA,NA,NA,NA,NA,NA,NA
"PRY",NA,NA,NA,NA,869992,NA,NA,NA,NA,NA,NA,NA,1184980,NA,4209,12344,108751,85683,NA,NA,NA,4314,NA,NA,NA,44759,1475,NA,2402,NA,76854,NA,554,NA,36296,NA,NA,NA,NA,NA,2137,NA,NA,NA,1428,NA,21886,NA,NA,NA,94523,72790,NA,NA,NA,NA,NA,NA,NA,NA,NA,9457,NA,NA,NA,NA,NA,NA,NA,NA,NA,NA,40896,1201,NA,NA,NA,NA,NA,35653,596,222,1721,NA,NA,NA,NA,NA,NA,NA,NA,NA,NA,NA,NA,NA,NA,NA,NA,NA,NA,NA,NA,NA,NA,NA,NA,NA
"ROU",NA,NA,NA,50370,15962,98416,5751,1928,NA,4277,316446,NA,184966,NA,119013,202920,4354,276655,2905,NA,NA,23629,1205,20012,225940,3841529,76154,NA,18354,179625,283533,3447,62498,513,1049534,4954,3610,NA,NA,NA,656543,NA,NA,832517,29774,NA,94066,39648,NA,150383,4769967,217047,2426,NA,242055,NA,35593,NA,6273,40083,NA,33665,NA,NA,NA,329,NA,3933,43096,NA,NA,8704,562103,96890,NA,2949,NA,9330,7448,14741,5261,311629,42646,NA,NA,NA,NA,NA,NA,NA,NA,NA,NA,NA,NA,NA,NA,NA,NA,NA,NA,NA,NA,NA,NA,NA,NA,NA
"RUS",15401,NA,6386,198140,218127,186261,NA,NA,NA,104891,1755747,1258,1060260,NA,645648,2642914,88789,7999868,1768,1294,NA,104339,13474,382083,2511586,19601059,868340,281708,192255,433856,2777783,56680,5110086,NA,3401422,18714,90163,NA,NA,NA,1353041,29288,16783,3107161,181021,NA,213711,873207,NA,1865056,10706947,5187432,19045,1110,2992203,NA,180136,NA,56236,310124,5731,193447,NA,NA,136106,NA,9618,NA,274481,NA,284729,8751,4246768,1031846,3526,73751,7031,88271,76164,42658,266331,5673583,256649,NA,1237781,NA,NA,NA,NA,NA,NA,NA,NA,NA,NA,NA,NA,NA,NA,NA,NA,NA,NA,NA,NA,NA,NA,NA
"RWA",NA,NA,NA,NA,NA,NA,NA,NA,NA,NA,NA,NA,NA,NA,NA,NA,NA,4856,NA,NA,NA,NA,NA,NA,NA,24403,2346,NA,NA,NA,1079,NA,NA,NA,NA,NA,NA,NA,NA,NA,NA,NA,NA,NA,NA,NA,NA,NA,NA,NA,3640,8850,NA,NA,NA,NA,NA,NA,NA,NA,NA,NA,NA,NA,NA,NA,NA,NA,NA,NA,NA,NA,10226,NA,NA,NA,NA,NA,NA,NA,NA,NA,NA,NA,NA,NA,NA,NA,NA,NA,NA,NA,NA,NA,NA,NA,NA,NA,NA,NA,NA,NA,NA,NA,NA,NA,NA,NA
"SAU",NA,NA,NA,NA,63853,1839804,NA,NA,NA,NA,13187,NA,1437187,NA,896950,1097724,147569,3143150,NA,NA,NA,8299,NA,NA,36981,3457879,225857,NA,NA,NA,2005971,NA,161414,NA,3403990,NA,NA,NA,NA,NA,994135,NA,NA,27980,2046128,NA,272606,148807,NA,NA,3264173,17356309,NA,NA,10660906,NA,NA,NA,NA,641453,NA,470983,NA,NA,NA,NA,NA,NA,932010,NA,21407,NA,3230513,65592,NA,448976,235640,1293620,NA,2440,1127900,71130,427913,NA,46104,124294,NA,NA,NA,NA,NA,NA,NA,NA,NA,NA,NA,NA,NA,NA,NA,NA,NA,NA,NA,NA,NA,NA
"SDN",NA,NA,NA,NA,NA,NA,NA,NA,NA,NA,3491,NA,2501,NA,NA,NA,NA,885325,NA,NA,NA,NA,NA,NA,5563,134785,NA,NA,NA,NA,18649,NA,1559,NA,89632,NA,NA,NA,NA,NA,22993,NA,NA,NA,41027,NA,7659,NA,NA,NA,77153,333484,NA,NA,198579,NA,NA,NA,NA,619,NA,11641,NA,NA,NA,NA,NA,NA,16311,NA,NA,NA,49160,1106,NA,NA,NA,6347,NA,NA,NA,7977,3143,NA,3814,7918,NA,NA,NA,NA,NA,NA,NA,NA,NA,NA,NA,NA,NA,NA,NA,NA,NA,NA,NA,NA,NA,NA
"SEN",NA,NA,NA,NA,NA,NA,NA,NA,NA,NA,NA,NA,10573,NA,22093,8819,NA,49395,NA,NA,NA,NA,NA,NA,NA,45931,1766,NA,NA,NA,94338,NA,NA,NA,60663,NA,NA,NA,NA,NA,22977,NA,NA,NA,NA,NA,23881,NA,NA,NA,145561,39489,NA,NA,9488,NA,NA,NA,NA,15527,NA,2454,NA,NA,NA,NA,NA,NA,NA,NA,357098,NA,48938,NA,NA,NA,NA,NA,NA,NA,NA,1373,19684,NA,NA,NA,NA,NA,NA,NA,NA,NA,NA,NA,NA,NA,NA,NA,NA,NA,NA,NA,NA,NA,NA,NA,NA,NA
"SLE",NA,NA,NA,NA,NA,NA,NA,NA,NA,NA,NA,NA,NA,NA,1760,NA,NA,NA,NA,NA,NA,NA,NA,NA,394,11213,NA,NA,NA,NA,NA,NA,NA,NA,108159,NA,NA,NA,NA,NA,73684,NA,NA,NA,840,NA,4576,NA,NA,NA,NA,5641,NA,NA,4520,NA,NA,NA,NA,NA,NA,NA,NA,NA,NA,NA,NA,NA,NA,NA,NA,NA,13639,NA,NA,NA,NA,NA,NA,NA,NA,NA,NA,NA,NA,NA,NA,NA,NA,NA,NA,NA,NA,NA,NA,NA,NA,NA,NA,NA,NA,NA,NA,NA,NA,NA,NA,NA
"SLV",NA,NA,NA,NA,NA,3748,NA,NA,NA,NA,NA,NA,37862,NA,118525,18166,14678,58693,NA,NA,NA,21332,NA,NA,66872,223527,5764,NA,114164,NA,59613,NA,62447,NA,40760,NA,NA,NA,NA,NA,NA,NA,NA,NA,NA,NA,10597,NA,NA,NA,41128,105557,NA,NA,86043,NA,NA,NA,NA,18343,NA,263468,NA,NA,NA,NA,NA,NA,5536,NA,NA,NA,13114,1831,NA,NA,NA,NA,NA,NA,NA,NA,5916,NA,NA,37617,NA,NA,NA,NA,NA,NA,NA,NA,NA,NA,NA,NA,NA,NA,NA,NA,NA,NA,NA,NA,NA,NA
"SOM",NA,NA,NA,NA,NA,NA,NA,NA,NA,NA,NA,NA,NA,NA,NA,NA,NA,NA,NA,NA,NA,NA,NA,NA,NA,607,NA,NA,NA,NA,NA,NA,NA,NA,NA,NA,NA,NA,NA,NA,NA,NA,NA,NA,NA,NA,NA,NA,NA,NA,4783,571,NA,NA,NA,NA,NA,NA,NA,NA,NA,NA,NA,NA,NA,NA,NA,NA,NA,NA,NA,NA,NA,NA,NA,NA,14694,1515,NA,NA,NA,NA,NA,NA,NA,NA,NA,NA,NA,NA,NA,NA,NA,NA,NA,NA,NA,NA,NA,NA,NA,NA,NA,NA,NA,NA,NA,NA
"SWE",NA,NA,1279,244329,333642,1095008,NA,3866,NA,90751,78355,11594,1067104,NA,1472267,2112958,407136,3633782,NA,NA,NA,136906,58233,15256,886180,21411692,10565340,89738,6850,424681,3211979,20012,7007119,4403,13951680,28540,NA,NA,NA,NA,659479,40558,10034,602846,306272,NA,1674391,534377,NA,564363,5863137,4609101,29032,19930,952866,1687,63927,NA,45952,271371,9850,1412987,NA,NA,NA,NA,NA,2521,1126276,NA,157737,8695,8821522,10908200,2900,189835,31829,103623,64440,77621,175784,2323403,842543,NA,296343,962130,NA,614935,14737,4795,3058,NA,NA,NA,NA,NA,NA,NA,NA,NA,NA,NA,NA,NA,NA,NA,NA,NA
"SYR",NA,NA,NA,NA,63675,2088,NA,NA,NA,NA,18765,NA,24263,NA,36589,41423,6206,NA,NA,NA,NA,7372,NA,NA,19763,1801939,15149,24393,1699,NA,259288,NA,NA,NA,179280,NA,NA,NA,NA,NA,71189,NA,NA,15979,73986,NA,8635,34915,NA,NA,1098480,131459,NA,NA,195847,NA,NA,NA,NA,19735,NA,9188,NA,NA,NA,NA,NA,NA,66167,NA,NA,NA,71136,NA,NA,NA,17692,4044,NA,2142,NA,13964,70590,NA,79764,92820,NA,NA,NA,NA,NA,NA,NA,58056,NA,NA,NA,NA,NA,NA,NA,NA,NA,NA,NA,NA,NA,NA
"TCD",NA,NA,NA,NA,NA,NA,NA,NA,NA,NA,NA,NA,NA,NA,NA,NA,NA,NA,NA,NA,NA,NA,NA,NA,4272,17181,NA,NA,NA,NA,NA,NA,NA,NA,NA,NA,NA,NA,NA,NA,NA,NA,NA,NA,268,NA,NA,NA,NA,NA,3093,2580,NA,NA,NA,NA,NA,NA,NA,NA,NA,NA,NA,NA,NA,NA,NA,NA,NA,NA,2994,NA,NA,NA,NA,NA,NA,NA,NA,NA,NA,4953,34627,NA,NA,NA,NA,NA,NA,NA,NA,NA,NA,NA,NA,NA,NA,NA,NA,NA,NA,NA,NA,NA,NA,NA,NA,NA
"TGO",NA,NA,NA,NA,NA,NA,NA,NA,NA,NA,NA,NA,7736,NA,7509,6789,NA,NA,NA,NA,NA,NA,NA,NA,NA,26730,912,NA,NA,NA,11814,NA,NA,NA,30074,NA,NA,NA,NA,NA,NA,NA,NA,483,26105,NA,1850,17985,NA,684,34314,21786,NA,NA,NA,NA,NA,NA,NA,4862,NA,NA,NA,NA,NA,NA,NA,NA,8814,NA,NA,NA,43909,NA,NA,NA,NA,NA,NA,NA,NA,7499,1581,NA,NA,NA,NA,NA,NA,NA,NA,NA,NA,NA,NA,NA,NA,NA,NA,NA,NA,NA,NA,NA,NA,NA,NA,NA
"THA",NA,38495,NA,2359708,342417,2865549,NA,68284,6363,254480,13089,1805,488836,NA,1476866,1056302,144302,7763176,18066,NA,69992,35950,12755,4494,104856,4349977,344870,21100,6924,147987,990355,5803,350686,9271,3469973,65925,4108,NA,6631,NA,158840,10622,NA,268461,2409473,NA,380008,555124,304465,630935,1534038,26022389,39091,357549,3802867,448304,45353,NA,243008,54705,2972,656584,41348,756180,510,14931,7180,NA,6590907,1199,191214,NA,2482304,179658,26502,390044,1002821,252189,NA,105266,2106642,216270,167537,6106,44727,456951,805,1426922,21390,107759,1939,NA,NA,633213,49503,NA,25987,NA,NA,NA,NA,NA,NA,NA,NA,NA,NA,NA
"TUN",NA,NA,NA,23386,92040,5802,NA,695,2737,9145,4287,NA,91320,NA,23828,86826,NA,96331,5889,NA,1236,NA,NA,20720,15185,1708664,19046,124525,NA,71770,689403,549,50400,3110,363241,2779,1481,NA,NA,NA,53416,NA,NA,38999,24945,NA,25919,65400,63806,NA,2614564,192739,1361,NA,101008,NA,9117,NA,NA,81303,NA,NA,3975,NA,NA,NA,NA,NA,26852,NA,NA,NA,363037,11090,NA,6235,1590,23803,NA,NA,1221,34821,50890,NA,36800,165407,NA,78706,4933,9658,NA,NA,NA,128414,11535,NA,NA,18529,NA,NA,NA,NA,NA,NA,NA,NA,NA,NA
"TUR",8101,NA,55026,341199,120021,366161,NA,7772,3316,49398,669896,NA,343236,NA,444873,1120276,109697,1440979,23423,977,3358,9256,7494,NA,263001,12838097,423482,1467676,46760,504084,2523654,NA,808204,15191,4999606,38905,4022,NA,5214,812,835723,8325,5180,320825,259428,NA,586045,1038993,NA,NA,6354076,1752438,8624,1390,1213019,472,143466,22637,15194,165878,NA,112568,3713,NA,2406,1284,NA,NA,301462,NA,156321,NA,2493630,365223,1643,49229,NA,159365,33759,17835,36668,368477,260885,1063,934492,4793555,NA,1165974,38006,NA,NA,NA,NA,1687470,721490,NA,1702,244215,216797,NA,NA,NA,NA,NA,NA,NA,NA,NA
"TZA",NA,NA,NA,NA,NA,17147,NA,NA,NA,NA,NA,NA,NA,NA,15098,3736,NA,86115,NA,NA,NA,NA,NA,NA,359,101836,10692,NA,NA,NA,19233,NA,11015,NA,120109,NA,NA,NA,NA,NA,5969,NA,NA,3655,49953,NA,6468,1758,NA,2953,46068,108553,NA,NA,21540,NA,NA,NA,NA,NA,NA,4108,NA,NA,NA,NA,NA,NA,24282,NA,NA,NA,85907,7061,NA,NA,57567,28523,NA,NA,NA,4215,NA,NA,2133,7758,NA,NA,NA,NA,NA,NA,NA,NA,NA,NA,NA,28447,NA,5112,NA,NA,NA,NA,NA,NA,NA,NA
"UGA",NA,NA,NA,NA,NA,9225,NA,NA,NA,NA,NA,NA,612,NA,3055,5283,NA,12467,NA,NA,NA,1597,NA,NA,2724,62245,11493,NA,NA,NA,32380,NA,NA,NA,63814,NA,NA,NA,NA,NA,1850,NA,NA,NA,2775,NA,3120,NA,NA,3317,34823,38741,NA,NA,3418,NA,NA,NA,NA,NA,NA,NA,NA,NA,NA,NA,NA,NA,1789,NA,NA,NA,45824,7885,NA,NA,NA,3126,NA,NA,NA,12168,13725,NA,2833,2280,NA,NA,NA,NA,NA,NA,NA,5184,NA,NA,NA,7033,NA,1718,NA,NA,NA,NA,NA,NA,NA,NA
"USA",NA,NA,NA,NA,7847372,20935622,NA,NA,NA,NA,442507,NA,28245097,NA,388807820,NA,6932126,129954737,NA,NA,NA,11259196,NA,NA,2536281,NA,4932073,3879334,3336551,NA,NA,NA,5769157,NA,NA,NA,NA,NA,NA,NA,NA,NA,NA,NA,NA,NA,NA,NA,NA,NA,NA,NA,NA,NA,NA,NA,NA,NA,NA,NA,NA,NA,NA,NA,NA,NA,NA,NA,NA,NA,NA,NA,NA,NA,NA,NA,NA,NA,NA,NA,NA,NA,NA,NA,NA,NA,NA,NA,NA,NA,NA,NA,NA,NA,NA,NA,NA,NA,NA,NA,NA,NA,NA,NA,NA,NA,NA,NA
"VEN",NA,NA,NA,NA,NA,NA,NA,NA,NA,NA,NA,NA,NA,NA,NA,NA,NA,NA,NA,NA,NA,NA,NA,NA,NA,NA,NA,NA,NA,NA,NA,NA,NA,NA,NA,NA,NA,NA,NA,NA,NA,NA,NA,NA,NA,NA,NA,NA,NA,NA,NA,NA,NA,NA,NA,NA,NA,NA,NA,NA,NA,NA,NA,NA,NA,NA,NA,NA,NA,NA,NA,NA,NA,NA,NA,NA,NA,NA,NA,NA,NA,NA,NA,NA,NA,NA,NA,NA,NA,NA,NA,NA,NA,NA,NA,NA,NA,NA,NA,NA,NA,NA,NA,NA,NA,NA,NA,NA
"VNM",NA,NA,NA,NA,NA,NA,NA,NA,NA,NA,NA,NA,NA,NA,NA,NA,NA,NA,NA,NA,NA,NA,NA,NA,NA,NA,NA,NA,NA,NA,NA,NA,NA,NA,NA,NA,NA,NA,NA,NA,NA,NA,NA,NA,NA,NA,NA,NA,NA,NA,NA,NA,NA,NA,NA,NA,NA,NA,NA,NA,NA,NA,NA,NA,NA,NA,NA,NA,NA,NA,NA,NA,NA,NA,NA,NA,NA,NA,NA,NA,NA,NA,NA,NA,NA,NA,NA,NA,NA,NA,NA,NA,NA,NA,NA,NA,NA,NA,NA,NA,NA,NA,NA,NA,NA,NA,NA,NA
"ZAF",NA,198084,NA,264265,261762,1212786,NA,16431,NA,6264,5384,NA,533766,NA,626020,945169,71884,2031429,24674,118194,21356,29388,3000,946,NA,6438983,163423,6065,2844,23418,1162013,8905,412956,21991,6855761,93843,NA,2734,NA,NA,64638,3003,NA,101609,365994,NA,427459,1980792,NA,776063,3189449,5155101,215241,NA,1478305,NA,NA,3490,34348,88621,40758,252195,35790,NA,NA,743433,NA,264752,513163,NA,286554,282,1104677,160192,NA,82900,7003,91206,2185,23379,87346,92860,190508,4846,16486,144248,7605,2293860,5672,11883,2649,NA,NA,488859,4478,NA,15991,572082,13044,219147,195030,43014,NA,NA,NA,NA,NA,NA
"ZMB",NA,NA,NA,NA,NA,NA,NA,NA,NA,NA,NA,NA,NA,NA,NA,NA,NA,NA,NA,NA,NA,NA,NA,NA,NA,NA,NA,NA,NA,NA,NA,NA,NA,NA,NA,NA,NA,NA,NA,NA,NA,NA,NA,NA,NA,NA,NA,NA,NA,NA,NA,NA,NA,NA,NA,NA,NA,NA,NA,NA,NA,NA,NA,NA,NA,NA,NA,NA,NA,NA,NA,NA,NA,NA,NA,NA,NA,NA,NA,NA,NA,NA,NA,NA,NA,NA,NA,NA,NA,NA,NA,NA,NA,NA,NA,NA,NA,NA,NA,NA,NA,NA,NA,NA,NA,NA,NA,NA
"ZWE",NA,NA,NA,NA,NA,NA,NA,NA,NA,NA,NA,NA,NA,NA,NA,NA,NA,NA,NA,NA,NA,NA,NA,NA,NA,NA,NA,NA,NA,NA,NA,NA,NA,NA,NA,NA,NA,NA,NA,NA,NA,NA,NA,NA,NA,NA,NA,NA,NA,NA,NA,NA,NA,NA,NA,NA,NA,NA,NA,NA,NA,NA,NA,NA,NA,NA,NA,NA,NA,NA,NA,NA,NA,NA,NA,NA,NA,NA,NA,NA,NA,NA,NA,NA,NA,NA,NA,NA,NA,NA,NA,NA,NA,NA,NA,NA,NA,NA,NA,NA,NA,NA,NA,NA,NA,NA,NA,NA
